{"accuracy": 0.970300018787384, "loss": 0.1659865379333496}